Search Term,Parent Name,UEI,Main Parent Name,Match Score
21st Century Aerospace Technology (21AT),21ST CENTURY FLOORCOVERING,EQK4HJSLN9T1,21STCENTURY,82
21st Century Aerospace Technology (21AT),21ST CENTURY PRODUCTS,J7W9NEMF4JK3,21STCENTURY,82
21st Century Aerospace Technology (21AT),21ST CENTURY FOAM,D5J6G7TB82S5,21STCENTURY,82
21st Century Aerospace Technology (21AT),"21ST CENTURY CONSULTING, LLC",ZGUWC2LMJNP3,21STCENTURY,82
21st Century Aerospace Technology (21AT),21ST CENTURY EQUIPMENT  LLC,GCQ1MSKDHCB5,21STCENTURY,82
3D Glass Solutions,"3D GLASS SOLUTIONS, INC.",H7NDSKWG7KH7,3DGLASS,77
3D Glass Solutions,3D GLOBAL SOLUTIONS INCORPORATED,JRBKAPP1TM69,3DGLOBAL,56
3D Glass Solutions,3D AERIAL SOLUTIONS LLC,VJ8HRW3VD313,3DAERIAL,34
3D Glass Solutions,"3D ENGINEERING SOLUTIONS, LLC",ZJALSUTMMVS8,3DENGINEERING,32
3D Glass Solutions,"STRATEGIC 3D SOLUTIONS, INC",JG9WY8Z1PBG1,STRATEGIC3D,24
3D Glass Solutions,"SUPERIOR 3D SOLUTIONS, LLC",L9BFC6F6KKN8,SUPERIOR3D,38
3D Glass Solutions,SOUTHWEST 3D SOLUTIONS LLC,QEAWGAVTJ8L1,SOUTHWEST3D,45
3D Glass Solutions,MID-WEST 3D SOLUTIONS LLC,GH9GSCDVSPJ8,MID-WEST3D,29
3D Glass Solutions,"MID-WEST 3D SOLUTIONS, LLC",RBYFTE7RCNL3,MID-WEST3D,29
3D Glass Solutions,3D NV,GWDWA5KEY129,3DNV,45
3D Glass Solutions,3D HYBRID,E3ALTMK4W1L8,3DHYBRID,23
3D Glass Solutions,3D INFOTECH,NYNMMC4KKPZ5,3DINFOTECH,29
Aerojet Rocketdyne,AEROJET ROCKETDYNE INC,SELSFJKVYW61,AEROJETROCKETDYNE,97
Aerojet Rocketdyne,"AEROJET ROCKETDYNE, INC.",MJLVU5WMX9M9,"AEROJETROCKETDYNE,",97
Aerojet Rocketdyne,"AEROJET ROCKETDYNE HOLDINGS, INC.",F8F5V4MJ2KX2,AEROJETROCKETDYNE,97
Aerojet Rocketdyne,AEROJET ROCKETDYNE COLEMAN AEROSPACE INC,H6GGLSFCL9G5,AEROJETROCKETDYNE,97
Aerojet Rocketdyne,AEROJET ELECTRO SYSTEMS,UYFFKCFH3MP3,AEROJETELECTRO,56
Aerojet Rocketdyne,AEROJET-GENERAL CORPORATION,KGDFSVSX16K9,AEROJET-GENERALCORPORATION,55
Aerojet Rocketdyne,AEROJET-GENERAL CORPORATION,JJVMH3LAQRL7,AEROJET-GENERALCORPORATION,55
Aerojet Rocketdyne,"AEROJET SUPPORT, INC.",Y4X7KNXFTPH5,"AEROJETSUPPORT,",56
Aerojet Rocketdyne,AEROJET PROPULSION DIV,Z8E5W28D6ZL3,AEROJETPROPULSION,57
Aerojet Rocketdyne,AEROJET SOLUTIONS INTERNATIONAL LLC,DGDVK7YDBAH5,AEROJETSOLUTIONS,59
Aerojet Rocketdyne,"AEROJET FINE CHEMICALS, LLC",D2KNSNCEPWN8,AEROJETFINE,62
Aerojet Rocketdyne,CSD AEROJET PRATT & WHITNEY UNITED TECHNOLOGY,Q71KQLGZRMM6,CSDAEROJET,54
3D Systems,3D SYSTEMS CORPORATION,GMU7CNB6QFT4,3DSYSTEMS,95
3D Systems,"3D SYSTEMS, INC.",QXEBMAKXX2X8,"3DSYSTEMS,",95
3D Systems,"3D SYSTEMS, INC.",DP95ZUL9V554,"3DSYSTEMS,",95
3D Systems,"3D SYSTEMS, INC.",K35BAK478AN6,"3DSYSTEMS,",95
3D Systems,3D SYSTEMS INC,US81EGBZGJR5,3DSYSTEMS,95
3D Systems,"CELL SYSTEMS-3D, LLC",HBN4LLBUN1K5,"CELLSYSTEMS-3D,",79
3D Systems,"3D CONTROL SYSTEMS, INC.",CU9CMRRPHRF3,3DCONTROL,32
3D Systems,3D SECURITY SYSTEMS LIMITED,LN7EDZQ578X8,3DSECURITY,40
3D Systems,"3D ARMOR SYSTEMS, INC.",HSXYQSGCGNC6,3DARMOR,35
3D Systems,3D NV,GWDWA5KEY129,3DNV,45
3D Systems,3D HYBRID,E3ALTMK4W1L8,3DHYBRID,33
3D Systems,3D INFOTECH,NYNMMC4KKPZ5,3DINFOTECH,40
3D Systems,3D INNOVATIONS,MU7NA3MN3WK9,3DINNOVATIONS,35
3D Systems,3D NV,V42EJN9CSKC3,3DNV,45
3D Systems,3D GROUP,RBJ3P22A22D7,3DGROUP,24
L3Harris,"L3HARRIS TECHNOLOGIES, INC",SJULQDJ8NZU7,"L3HARRISTECHNOLOGIES,",90
L3Harris,"L3HARRIS FORCEX, INC.",K7NTNUMRDFQ9,"L3HARRISFORCEX,",90
L3Harris,"L3HARRIS TECHNOLOGIES, INC.",QWQYJDNHA561,"L3HARRISTECHNOLOGIES,",90
L3Harris,"L3HARRIS KIGRE, INC",JHYCBX3AMEZ6,"L3HARRISKIGRE,",90
L3Harris,"L3HARRIS TECHNOLOGIES, INC",N91TELG3HNB6,"L3HARRISTECHNOLOGIES,",90
L3Harris,"L3HARRIS TECHNOLOGIES, INC.",JEGFV3LWEJH7,"L3HARRISTECHNOLOGIES,",90
L3Harris,"L3HARRIS TECHNOLOGIES, INC.",TZ67YHER84V7,"L3HARRISTECHNOLOGIES,",90
L3Harris,"L3HARRIS TECHNOLOGIES, INC.",CXPAJ131RS23,"L3HARRISTECHNOLOGIES,",90
L3Harris,"L3HARRIS TECHNOLOGIES, INC.",ENMFLGV87MS4,"L3HARRISTECHNOLOGIES,",90
L3Harris,"L3HARRIS TECHNOLOGIES, INC.",PNE9R5EJMWK8,"L3HARRISTECHNOLOGIES,",90
L3Harris,"L3HARRIS TECHNOLOGIES, INC.",LHJPD6T16EV9,"L3HARRISTECHNOLOGIES,",90
L3Harris,"L3HARRIS AEROSIM ACADEMY, INC.",MUDLEJALN4M6,L3HARRISAEROSIM,90
L3Harris,L3HARRIS TECHNOLOGIES INTEGRATED SYSTEMS L.P.,RDFKNPZNQ8E3,L3HARRISTECHNOLOGIES,90
L3Harris,L3HARRIS OPEN WATER POWER INC,UPTFBKFJ4SV8,L3HARRISOPEN,90
L3Harris,L3HARRIS TECHNOLOGIES INTEGRATED SYSTEMS L.P.,CM2HHAV628D5,L3HARRISTECHNOLOGIES,90
L3Harris,"L3HARRIS MISSION CRITICAL SERVICES, LLC",N4TMNMGBU258,L3HARRISMISSION,90
L3Harris,"L3HARRIS MUSTANG TECHNOLOGY GROUP, L.P.",MG5GYUUNJ7V1,L3HARRISMUSTANG,90
L3Harris,L3HARRIS TECHNOLOGIES INTEGRATED SYSTEMS L.P.,K4ALBMAJPJJ5,L3HARRISTECHNOLOGIES,90
L3Harris,"L3HARRIS MARITIME POWER & ENERGY SOLUTIONS, INC.",ZW3UMG9YVNA9,L3HARRISMARITIME,90
L3Harris,"L3HARRIS MARITIME POWER & ENERGY SOLUTIONS, INC",HLE1E2KALJA5,L3HARRISMARITIME,90
L3Harris,"L3HARRIS MARITIME POWER & ENERGY SOLUTIONS, INC.",CFXRGJSB9UB6,L3HARRISMARITIME,90
3K Spacetech,SPACETECH BUILDING SYSTEMS INC,C4UDLPYDAYJ3,SPACETECHBUILDING,62
3K Spacetech,BR & 3K LLC,L85UNNFH42P3,BR&,0
4iG Plc.,FIRSTGROUP PLC,QY24HLATAE15,FIRSTGROUPPLC,50
4iG Plc.,IDEAGEN PLC,L8PELTW1MBG9,IDEAGENPLC,59
4iG Plc.,LIVANOVA PLC,KLH6LN8FMTQ9,LIVANOVAPLC,44
4iG Plc.,BODYCOTE PLC,M1KDCH5YPK43,BODYCOTEPLC,39
4iG Plc.,ELEKTRON PLC,FN6KBF69X683,ELEKTRONPLC,39
4iG Plc.,LIVANOVA PLC,SK52NZ1HWLW5,LIVANOVAPLC,44
4iG Plc.,ASTRAZENECA PLC,G2FBBTMF9F24,ASTRAZENECAPLC,39
4iG Plc.,BTG PLC,GF65H1TNF1Z4,BTGPLC,62
4iG Plc.,WOLSELEY PLC,FAH9WVAZE763,WOLSELEYPLC,39
4iG Plc.,SAFARICOM PLC,DNQ2B91C4KJ4,SAFARICOMPLC,51
4iG Plc.,CLARIVATE PLC,KG1KZJU4ZUK3,CLARIVATEPLC,42
4iG Plc.,AGGREKO PLC,PM5WJ7WYPX53,AGGREKOPLC,47
4iG Plc.,MMO2 PLC,KKXRDNPJUN39,MMO2PLC,43
4iG Plc.,GKN PLC,TB6VZSHH51K8,GKNPLC,62
4iG Plc.,EXPERIAN PLC,WXQ2M7EEV673,EXPERIANPLC,51
4iG Plc.,PEARSON PLC,GZWWUWSYNZT4,PEARSONPLC,35
4iG Plc.,WPP PLC,NJ3BDV3SVZ58,WPPPLC,46
4iG Plc.,INVENSYS PLC,M3PXGNTNRDK5,INVENSYSPLC,44
4iG Plc.,RELX PLC,TUZXND87M5A1,RELXPLC,43
4iG Plc.,WPP PLC,MVTDWCJQS971,WPPPLC,46
4iG Plc.,CARILLION PLC,LX3AQ9QUCQ89,CARILLIONPLC,51
4iG Plc.,JUSTMEDIATION PLC,E5XUJJWY2N84,JUSTMEDIATIONPLC,51
4iG Plc.,SENIOR PLC,WAPBY7VEHUM3,SENIORPLC,50
4iG Plc.,GLOBALDATA PLC,CQ1LAMVTMCY1,GLOBALDATAPLC,40
4iG Plc.,NEURONET PLC,MDQ6GSYPAMK1,NEURONETPLC,39
4iG Plc.,GENUS PLC,WKCFDC4VDYL3,GENUSPLC,53
4iG Plc.,APTIV PLC,ME2HWYNQNHH5,APTIVPLC,53
4iG Plc.,NTR PLC,FRCNK8KE35C6,NTRPLC,46
4iG Plc.,DELCAM PLC,XQEWC77D52N7,DELCAMPLC,38
4iG Plc.,WPP PLC,KGN4SBBYHHC5,WPPPLC,46
4iG Plc.,ACAL PLC,N63XLY6CRLF8,ACALPLC,43
4iG Plc.,SENIOR PLC,T8F3DFSTS611,SENIORPLC,50
4iG Plc.,INSTEM PLC,QLU6Y392A2Q4,INSTEMPLC,50
4iG Plc.,RELX PLC,LVJ9DAT4V6N5,RELXPLC,43
4iG Plc.,INFORMA PLC,YHCKF1DFYYC7,INFORMAPLC,47
4iG Plc.,ABZENA PLC,J77UAH7J3MM3,ABZENAPLC,38
4iG Plc.,COMPUTACENTER PLC,LWVWWLK5X8F1,COMPUTACENTERPLC,39
4iG Plc.,REGUS PLC,YZQ9KTG6Z994,REGUSPLC,53
4iG Plc.,FIBERWEB PLC,MN3GL7NFSBJ7,FIBERWEBPLC,44
4iG Plc.,RELX PLC,Z4NAFGSGMYC9,RELXPLC,43
4iG Plc.,MEGGITT PLC,TKJ1TW2YRNL3,MEGGITTPLC,47
4iG Plc.,HST PLC,M1SMYL4N4UN1,HSTPLC,46
4iG Plc.,PSION PLC,YUTHMKQ1XRT3,PSIONPLC,53
4iG Plc.,AMEC PLC,FG7TE8RMRCJ6,AMECPLC,43
4iG Plc.,BEDE PLC,L4U2NQ1NWL63,BEDEPLC,43
4iG Plc.,"ENTRAN, PLC",ULNQCVHCXEL5,"ENTRAN,PLC",57
4iG Plc.,FENNER PLC,EPBUWE9GC2N7,FENNERPLC,38
4iG Plc.,CLARKSON PLC,NEFJGKNJDUF7,CLARKSONPLC,39
4iG Plc.,SPECTRIS PLC,EG67WFES7DT3,SPECTRISPLC,56
4iG Plc.,COHORT PLC,KY4RUPP95KD3,COHORTPLC,38
4iG Plc.,BARCLAYS PLC,NAVNCR5CHNQ6,BARCLAYSPLC,39
4iG Plc.,HUNTING PLC,T4FVYE89HE81,HUNTINGPLC,59
4iG Plc.,DBL2 PLC,X2W3QDQP7W18,DBL2PLC,43
4iG Plc.,VISLINK PLC,ZL9BGA27KCZ5,VISLINKPLC,47
4iG Plc.,CARNIVAL PLC,MGSENDG5E4Q4,CARNIVALPLC,51
4M Analytics,4M CAPITAL LTD,P3JGJWYD2Q25,4MCAPITAL,48
4M Analytics,"4M DISTRIBUTORS, INC",NXSER1LN9YC5,"4MDISTRIBUTORS,",38
4M Analytics,4M SIGMA CORPORATION,T955WM3QK355,4MSIGMA,39
4M Analytics,"4M RESEARCH, INC",H8GHNMBMKML5,"4MRESEARCH,",36
4th Planet Logistics,CBT PLANET,CLSRY8V47GJ7,CBTPLANET,70
4th Planet Logistics,PLANET STORAGE,UQPXMFXNDKM9,PLANETSTORAGE,56
4th Planet Logistics,PLANET MOTORSPORTS,FK3DKPE17QM6,PLANETMOTORSPORTS,54
5N Plus,5N PLUS INC,C7M5MWJKE7S1,5NPLUS,92
5N Plus,5N PLUS SEMICONDUCTORS LLC,GXK4JSC9TBC7,5NPLUS,92
5N Plus,MESH PLUS PLUS INC,GK45N7NU6EC8,MESHPLUS,53
5N Plus,DEMO PLUS,F1QSDHGX8G85,DEMOPLUS,53
5N Plus,CALIBRATION PLUS,WMWJPXM431F5,CALIBRATIONPLUS,69
5N Plus,PLUS CORPORATION,ZD3BNULQUGG1,PLUSCORPORATION,36
"Goyen Aerospace Consulting & Engineering Services for Space, LLC (ACES Space)",SPACE COAST AEROSPACE SERVICES LLC,VNWUMZ22BNP6,SPACECOAST,72
"Goyen Aerospace Consulting & Engineering Services for Space, LLC (ACES Space)",INNOVATIVE SPACE ENGINEERING SERVICES,YEGPHQP1N363,INNOVATIVESPACE,48
"Goyen Aerospace Consulting & Engineering Services for Space, LLC (ACES Space)","SPACE EXPLORATION ENGINEERING, LLC",TVJUWVKSHA25,SPACEEXPLORATION,50
"Goyen Aerospace Consulting & Engineering Services for Space, LLC (ACES Space)","SPACE, LLC",DETZFGCRAHM7,"SPACE,LLC",57
"Goyen Aerospace Consulting & Engineering Services for Space, LLC (ACES Space)","C4I & SPACE CONSULTING, LLC",KRXNE65L2TK9,C4I&,20
"Goyen Aerospace Consulting & Engineering Services for Space, LLC (ACES Space)","SPACE AGE ENGINEERING, INC",N2J6H6WHFKG5,SPACEAGE,37
"Goyen Aerospace Consulting & Engineering Services for Space, LLC (ACES Space)",SPACE MACHINE & ENGINEERING CORP.,GN82WS7LRJ77,SPACEMACHINE,57
"Goyen Aerospace Consulting & Engineering Services for Space, LLC (ACES Space)",SPACE SERVICES INC,GMUAWBD3DAS4,SPACESERVICES,59
"Goyen Aerospace Consulting & Engineering Services for Space, LLC (ACES Space)",SPACE SCIENCES AND ENGINEERING LLC,MUNEPB7VKNQ8,SPACESCIENCES,56
"Goyen Aerospace Consulting & Engineering Services for Space, LLC (ACES Space)",SPACE SCIENCES AND ENGINEERING LLC,G8K4MU3TMDU9,SPACESCIENCES,56
"Goyen Aerospace Consulting & Engineering Services for Space, LLC (ACES Space)",SYNCOM SPACE SERVICES LLC,GM2QNEGF7CA3,SYNCOMSPACE,55
"Goyen Aerospace Consulting & Engineering Services for Space, LLC (ACES Space)",SPACE AND DEFENSE ENGINEERING SERVICES COMPANY,KMAENFFEU5G8,SPACEAND,37
"Goyen Aerospace Consulting & Engineering Services for Space, LLC (ACES Space)",SACRED SPACE,GQDTPRLBKQ63,SACREDSPACE,70
a.i. solutions,A.I. FORECASTING,EQ4NK7Y35K17,A.I.FORECASTING,55
a.i. solutions,"UNANIMOUS A.I., INC.",ZQ6AJ6GN5TW9,"UNANIMOUSA.I.,",46
a.i. solutions,ANONYMOUS A.I INC,C779QDZBJJE7,ANONYMOUSA.I,46
a.i. solutions,"A.I. TECHNOLOGY, INC.",DUAAM4EHUJL4,"A.I.TECHNOLOGY,",50
a.i. solutions,"UNANIMOUS A.I., INC.",S3PXPR756NP1,"UNANIMOUSA.I.,",46
a.i. solutions,"A.I. FRIEDMAN, L.P.",VZDJQK84NP14,"A.I.FRIEDMAN,",46
a.i. solutions,"A.I. KLEIN ELECTRIC, INC",SFYKLAXBMUK7,A.I.KLEIN,86
a.i. solutions,"GNTS FMBTS IM. A.I. BURNAZYANA FMBA ROSSII, FGBU",GBNMFK29AY36,GNTSFMBTS,30
Hexagon AB,HEXAGON AB,NT2BUC9EN2N1,HEXAGONAB,95
Hexagon AB,HEXAGON AB,LYHWX7B8JNF5,HEXAGONAB,95
Hexagon AB,HEXAGON DESIGN,UF71FHNS2FD5,HEXAGONDESIGN,61
Hexagon AB,HEXAGON COMPOSITES ASA,YBB6LATC2858,HEXAGONCOMPOSITES,63
Hexagon AB,"CRIMSON HEXAGON, INC.",J143E8NGENK3,"CRIMSONHEXAGON,",58
Hexagon AB,"HEXAGON TECHNOLOGIES, INC.",XNBATQWHNAG6,"HEXAGONTECHNOLOGIES,",63
Hexagon AB,HEXAGON RECON LLC,L2B6LAPCJLY6,HEXAGONRECON,64
Hexagon AB,HEXAGON EAM HOLDINGS LLC,NK4KAG97PMD8,HEXAGONEAM,80
Hexagon AB,"HEXAGON USA HOLDINGS, INC.",S1WZJNZQ2WV3,HEXAGONUSA,80
Hexagon AB,HEXAGON NUTRITION PRIVATE LIMITED,HMMNXMNJMT15,HEXAGONNUTRITION,63
Hexagon AB,"HEXAGON US FEDERAL, INC",PK35MEQEASD5,HEXAGONUS,74
Hexagon AB,HEXAGON MANUFACTURING INTELLIGENCE  INC.,YFFEFWNH7XZ3,HEXAGONMANUFACTURING,72
Hexagon AB,HEXAGON DIGITAL WAVE LLC,GBQKVPM5ADN7,HEXAGONDIGITAL,67
Hexagon AB,"HEXAGON USA HOLDINGS, INC.",L95FRZ4KTF83,HEXAGONUSA,80
Hexagon AB,HEXAGON CORPORATE SERVICES LTD,EBNJKLVGBKK7,HEXAGONCORPORATE,63
Hexagon AB,HEXAGON MANUFACTURING INTELLIGENCE INC,EK4EVQQNEFC6,HEXAGONMANUFACTURING,72
Hexagon AB,"HEXAGON USA HOLDINGS, INC.",Y6DRNLHDV4L3,HEXAGONUSA,80
Hexagon AB,ATTANA AB,JRCLWCP5KEJ9,ATTANAAB,44
Hexagon AB,TRELLEBORG AB,E1GCYJVH1AP6,TRELLEBORGAB,36
Hexagon AB,INVESTOR AB,ZZJAFA6LD1V4,INVESTORAB,40
Hexagon AB,MUNTERS AB,SC25CTASJD43,MUNTERSAB,32
Hexagon AB,MEDVISO AB,F8N6ND2528G2,MEDVISOAB,42
Hexagon AB,CAMFIL AB,V53VLLLH8DJ6,CAMFILAB,33
Hexagon AB,MOLNLYCKE AB,C16NV2TCRU76,MOLNLYCKEAB,38
Hexagon AB,BIOLAMINA AB,DQLJXEHGRSH5,BIOLAMINAAB,38
AAC Clyde Space,CLYDE SPACE LTD,G3JPHEDDLY28,CLYDESPACE,81
AAC Clyde Space,CLYDE SPACE LTD,W5WSKH1KXT55,CLYDESPACE,81
AAC Clyde Space,AAC INTERNATIONAL,WL46KPQCJHZ4,AACINTERNATIONAL,32
AAC Clyde Space,"AAC, INC.",NMJMM8PJ9DR4,"AAC,INC.",86
AAC Clyde Space,AAC INC.,LUAJMZUYPN69,AACINC.,60
AAC Clyde Space,AAC CONSTRUCTION,SQHBV8SSQWM8,AACCONSTRUCTION,40
AAC Clyde Space,AAC TECHCONNECT INC,KFVVUDMUL5M5,AACTECHCONNECT,41
Northrop Grumman,NORTHROP GRUMMAN CORPORATION,CT3MK8937PA9,NORTHROPGRUMMAN,97
Northrop Grumman,NORTHROP GRUMMAN CORPORATION,R1KQZ9177MF1,NORTHROPGRUMMAN,97
Northrop Grumman,NORTHROP GRUMMAN CORPORATION,SMW4Z2N75LT9,NORTHROPGRUMMAN,97
Northrop Grumman,NORTHROP GRUMMAN CORPORATION,T1EHDMQVDM77,NORTHROPGRUMMAN,97
Northrop Grumman,NORTHROP GRUMMAN CORP,SBYJVG2S48K6,NORTHROPGRUMMAN,97
Northrop Grumman,NORTHROP GRUMMAN CORPORATION,G7E7ZSRKME17,NORTHROPGRUMMAN,97
Northrop Grumman,NORTHROP GRUMMAN CORPORATION,KWRDJ18V6LM5,NORTHROPGRUMMAN,97
Northrop Grumman,NORTHROP GRUMMAN CORPORATION,V3P1JLLL3XV4,NORTHROPGRUMMAN,97
Northrop Grumman,NORTHROP GRUMMAN CORPORATION,NKVZLJL93QT6,NORTHROPGRUMMAN,97
Northrop Grumman,NORTHROP GRUMMAN CORPORATION,UEHYBZAKN2U7,NORTHROPGRUMMAN,97
Northrop Grumman,NORTHROP GRUMMAN CORPORATION,LW8RAR78D8J9,NORTHROPGRUMMAN,97
Northrop Grumman,NORTHROP GRUMMAN SYSTEMS CORPO,S8PSXLJ8FEG3,NORTHROPGRUMMAN,97
Northrop Grumman,NORTHROP GRUMMAN COMPUTING SYSTEMS,U9K5JDEXJKK8,NORTHROPGRUMMAN,97
Northrop Grumman,NORTHROP GRUMMAN SYSTEMS CORPORATION,MZP9UGL76NX8,NORTHROPGRUMMAN,97
Northrop Grumman,NORTHROP GRUMMAN SYSTEMS CORP,JZP1LP41N9Z7,NORTHROPGRUMMAN,97
Northrop Grumman,NORTHROP GRUMMAN SYSTEMS CORPORATION,E4X3BLZPPPX3,NORTHROPGRUMMAN,97
Northrop Grumman,NORTHROP GRUMMAN SYSTEMS CORPORATION,EHBBTWLFSMW1,NORTHROPGRUMMAN,97
Northrop Grumman,NORTHROP GRUMMAN SYSTEMS CORPORATION,X1MRDHSQMJ58,NORTHROPGRUMMAN,97
Northrop Grumman,NORTHROP GRUMMAN SYSTEMS CORPORATION,DPL6DDL2WD47,NORTHROPGRUMMAN,97
Northrop Grumman,NORTHROP GRUMMAN SYSTEMS CORP,D8QQPFNYJD63,NORTHROPGRUMMAN,97
Northrop Grumman,NORTHROP GRUMMAN SYSTEMS CORPORATION,LCV2N9FVV739,NORTHROPGRUMMAN,97
Northrop Grumman,NORTHROP GRUMMAN SYSTEMS CORPORATION,GHKDJMJNPL13,NORTHROPGRUMMAN,97
Northrop Grumman,NORTHROP GRUMMAN SYSTEMS CORPO,WK16XET965M7,NORTHROPGRUMMAN,97
Northrop Grumman,NORTHROP GRUMMAN SYSTEMS CORPORATION,RM46G13CENH1,NORTHROPGRUMMAN,97
Northrop Grumman,NORTHROP GRUMMAN SYSTEMS CORPORATION,PK8PM2GNVMP8,NORTHROPGRUMMAN,97
Northrop Grumman,NORTHROP GRUMMAN SYSTEMS CORPORATION,EU5DMENAGD85,NORTHROPGRUMMAN,97
Northrop Grumman,NORTHROP GRUMMAN SYSTEMS CORPORATION,G7LEFNAN9J74,NORTHROPGRUMMAN,97
Northrop Grumman,NORTHROP GRUMMAN SYSTEMS CORP,ZGQ3ANLXB2N4,NORTHROPGRUMMAN,97
Northrop Grumman,NORTHROP GRUMMAN SYSTEMS CORPORATION,LKHSK7MEQEJ1,NORTHROPGRUMMAN,97
Northrop Grumman,NORTHROP GRUMMAN SYSTEMS CORP,DH6UB4NLP6B5,NORTHROPGRUMMAN,97
Northrop Grumman,NORTHROP GRUMMAN SYSTEMS CORP,D9SJDK872X57,NORTHROPGRUMMAN,97
Northrop Grumman,NORTHROP GRUMMAN SYSTEMS CORPORATION,LEMLXG994AU3,NORTHROPGRUMMAN,97
Northrop Grumman,NORTHROP GRUMMAN SYSTEMS CORPORATION,QR9HZJAHYH97,NORTHROPGRUMMAN,97
Northrop Grumman,NORTHROP GRUMMAN SYSTEMS CORPORATION,FGUQXGJZ1U13,NORTHROPGRUMMAN,97
Northrop Grumman,NORTHROP GRUMMAN SYSTEMS CORPORATION,FVW9ABFZGMX3,NORTHROPGRUMMAN,97
Northrop Grumman,NORTHROP GRUMMAN SYSTEMS CORPORATION,SM76A6KQHHK3,NORTHROPGRUMMAN,97
Northrop Grumman,NORTHROP GRUMMAN SYSTEMS CORPO,HYYFJ7KVF3Z3,NORTHROPGRUMMAN,97
Northrop Grumman,NORTHROP GRUMMAN SYSTEMS CORPORATION,VRFSS3NN1CQ3,NORTHROPGRUMMAN,97
Northrop Grumman,NORTHROP GRUMMAN SYSTEMS CORPO,E467WEE1X963,NORTHROPGRUMMAN,97
Northrop Grumman,NORTHROP GRUMMAN ITALIA SPA,RN4HKXHSW7E5,NORTHROPGRUMMAN,97
Northrop Grumman,NORTHROP GRUMMAN SYSTEMS CORPORATION,PQGNEEY9W5M3,NORTHROPGRUMMAN,97
